Date,Per Share Data,Revenue per Share,EBITDA per Share,EBIT per Share,Earnings per Share (Diluted),EPS without NRI,Owner Earnings per Share (TTM),Free Cash Flow per Share,Operating Cash Flow per Share,Cash per Share,Dividends per Share,Book Value per Share,Tangible Book per Share,Total Debt per Share,Month End Stock Price,,Ratios,ROE %,ROE % Adjusted to Book Value,ROA %,Return-on-Tangible-Equity,Return-on-Tangible-Asset,ROC (Joel Greenblatt) %,ROCE %,5-Year RORE %,1-Year ROIIC %,ROIC %,WACC %,Effective Interest Rate on Debt %,,Gross Margin %,Operating Margin %,Net Margin %,EBITDA Margin %,FCF Margin %,,Debt-to-Equity,Equity-to-Asset,Debt-to-Asset,Liabilities-to-Assets,Gross-Profit-to-Asset %,Degree of Operating Leverage,Degree of Financial Leverage,,Asset Turnover,Dividend Payout Ratio,,Days Sales Outstanding,Days Payable,Days Inventory,Cash Conversion Cycle,,Receivables Turnover,Inventory Turnover,COGS-to-Revenue,RD-to-Revenue,Inventory-to-Revenue,Capex-to-Revenue,Capex-to-Operating-Income,Capex-to-Operating-Cash-Flow,,Income Statement,Revenue,  Cost of Goods Sold,Gross Profit,Gross Margin %,,"  Selling, General, & Admin. Expense",  Research & Development,  Other Operating Expense,  Total Operating Expense,Operating Income,Operating Margin %,,    Interest Income,    Interest Expense,  Net Interest Income,  Other Income (Expense),Pretax Income,  Tax Provision,  Tax Rate %,  Other Net Income (Loss),  Net Income Including Noncontrolling Interests,    Net Income (Continuing Operations),    Net Income (Discontinued Operations),  Other Income (Minority Interest),Net Income,Net Margin %,,  Preferred Dividends,EPS (Basic),EPS (Diluted),Shares Outstanding (Diluted Average),,EBIT,"  Depreciation, Depletion and Amortization",EBITDA,EBITDA Margin %,,Balance Sheet,    Cash and Cash Equivalents,    Marketable Securities,"  Cash, Cash Equivalents, Marketable Securities",    Accounts Receivable,    Notes Receivable,    Loans Receivable,    Other Current Receivables,  Total Receivables,"    Inventories, Raw Materials & Components","    Inventories, Work In Process","    Inventories, Inventories Adjustments","    Inventories, Finished Goods","    Inventories, Other",  Total Inventories,  Other Current Assets,  Total Current Assets,  Investments And Advances,      Land And Improvements,      Buildings And Improvements,"      Machinery, Furniture, Equipment",      Construction In Progress,      Other Gross PPE,"    Gross Property, Plant and Equipment",    Accumulated Depreciation,"  Property, Plant and Equipment",  Intangible Assets,    Goodwill,  Other Long Term Assets,  Total Long-Term Assets,Total Assets,,    Accounts Payable,    Total Tax Payable,    Other Current Payables,    Current Accrued Expense,  Accounts Payable & Accrued Expense,    Short-Term Debt,    Short-Term Capital Lease Obligation,  Short-Term Debt & Capital Lease Obligation,    Current Deferred Revenue,    Current Deferred Taxes Liabilities,  Deferred Tax And Revenue,  Other Current Liabilities,  Total Current Liabilities,    Long-Term Debt,    Long-Term Capital Lease Obligation,  Long-Term Debt & Capital Lease Obligation,Debt-to-Equity,  Pension And Retirement Benefit,  NonCurrent Deferred Liabilities,  Other Long-Term Liabilities,  Total Long-Term Liabilities,Total Liabilities,,  Common Stock,  Preferred Stock,  Retained Earnings,  Accumulated other comprehensive income (loss),  Additional Paid-In Capital,  Treasury Stock,  Other Stockholders Equity,  Total Stockholders Equity,  Minority Interest,Total Equity,Equity-to-Asset,,Cashflow Statement,  Net Income From Continuing Operations,"  Cash Flow Depreciation, Depletion and Amortization",    Change In Receivables,    Change In Inventory,    Change In Prepaid Assets,    Change In Payables And Accrued Expense,    Change In Other Working Capital,  Change In Working Capital,  Deferred Tax,  Stock Based Compensation,  Asset Impairment Charge,  Cash from Discontinued Operating Activities,  Cash Flow from Others,Cash Flow from Operations,,"  Purchase Of Property, Plant, Equipment","  Sale Of Property, Plant, Equipment",  Purchase Of Business,  Sale Of Business,  Purchase Of Investment,  Sale Of Investment,  Net Intangibles Purchase And Sale,  Cash From Discontinued Investing Activities,  Cash From Other Investing Activities,Cash Flow from Investing,,  Issuance of Stock,  Repurchase of Stock,  Net Issuance of Preferred Stock,    Issuance of Debt,    Payments of Debt,  Net Issuance of Debt,  Cash Flow for Dividends,  Cash Flow for Lease Financing,  Other Financing,Cash Flow from Financing,,  Beginning Cash Position,    Effect of Exchange Rate Changes,  Net Change in Cash,Ending Cash Position,,Capital Expenditure,Free Cash Flow,,Valuation Ratios,PE Ratio,PE Ratio without NRI,Price-to-Owner-Earnings,PB Ratio,Price-to-Tangible-Book,Price-to-Free-Cash-Flow,Price-to-Operating-Cash-Flow,PS Ratio,PEG Ratio,EV-to-Revenue,EV-to-EBITDA,EV-to-EBIT,EV-to-FCF,Earnings Yield (Joel Greenblatt) %,Forward Rate of Return (Yacktman) %,Shiller PE Ratio,Cyclically Adjusted PB Ratio,Cyclically Adjusted PS Ratio,Cyclically Adjusted Price-to-FCF,Dividend Yield %,FCF Yield %,,Valuation and Quality,Market Cap,Enterprise Value,Month End Stock Price,Net Cash per Share,Net Current Asset Value,Net-Net Working Capital,Intrinsic Value: Projected FCF,Median PS Value,Peter Lynch Fair Value,Graham Number,Earnings Power Value (EPV),Altman Z-Score,Piotroski F-Score,Beneish M-Score,Scaled Net Operating Assets,Sloan Ratio %,Current Ratio,Quick Ratio,Cash Ratio,Interest Coverage,Highest Stock Price,Lowest Stock Price,Shares Buyback Ratio %,Buyback Yield %,Shareholder Yield %,YoY Rev. per Sh. Growth,YoY EPS Growth,YoY EBITDA Growth (%),5-Year EBITDA Growth Rate (Per Share),Shares Outstanding (Basic Average),Shares Outstanding (EOP),Beta,Restated Filing Date,Filing Date,Earnings Release Date,Number of Shareholders,Number of Employees,,Forex Rate
1979-09,,0.005,0.005,0.005,0.001,0.001,-,-,-,-,-,0.001,0.001,-,-,,,52.577,-,-,52.5773,-,550.57,-,-,-,-,-,-,,-,100,10.6472,100,-,,0.021,-,-,-,-,-,-,,-,-,,-,-,-,-,,-,-,-,-,-,-,-,-,,,47.9,-,47.9,-,,-,-,-,-,47.9,100,,-,-,-,-47.9,-,-,-,5.1,5.1,5.1,-,-,5.1,10.6472,,-,0.001,0.001,9520,,47.9,-,47.9,100,,,-,-,-,-,-,-,-,-,-,-,-,-,-,-,19.8,19.8,-,-,-,-,-,-,-,-,-,-,-,-19.8,-19.8,-,,-,-,-,-,-,-,-,-,-,-,-,11.1,11.1,0.2,-,0.2,0.021,-,-,-21,-20.8,-9.7,,-,-,-,-,-,-,9.7,9.7,-,9.7,-,,,5.1,-,-,-,-,-,-,-,-,-,-,-,-,-,,-,-,-,-,-,-,-,-,-,-,,-,-,-,-,-,-,-,-,-,-,,-,-,-,-,,-,-,,,N/A,N/A,-,-,-,-,-,-,-,-,-,-,-,-,-,-,-,-,-,-,-,,,-,-,-,-,-,-,-,-,-,-,-,-,-,-,-,-,1.78,1.78,-,N/A,-,-,-,-,-,-,-,-,-,9520,9520,-,-,-,-,-,-,,1
1980-09,,0.011,0.011,0.011,0.001,0.001,-,-,-,-,-,0.002,0.002,-,-,,,65.73,-,-,65.7303,-,936.8,-,-,-,-,-,-,,-,100,9.9915,100,-,,0.027,-,-,-,-,-,-,,-,-,,-,-,-,-,,-,-,-,-,-,-,-,-,,,117.1,-,117.1,-,,-,-,-,-,117.1,100,,-,-,-,-117.1,-,-,-,11.7,11.7,11.7,-,-,11.7,9.9915,,-,0.001,0.001,10920,,117.1,-,117.1,100,,,-,-,-,-,-,-,-,-,-,-,-,-,-,-,54.1,54.1,-,-,-,-,-,-,-,-,-,-,-,-54.1,-54.1,-,,-,-,-,-,-,-,-,-,-,-,-,37.8,37.8,0.7,-,0.7,0.027,-,-,-64.4,-63.7,-25.9,,-,-,-,-,-,-,25.9,25.9,-,25.9,-,,,11.7,-,-,-,-,-,-,-,-,-,-,-,-,-,,-,-,-,-,-,-,-,-,-,-,,-,-,-,-,-,-,-,-,-,-,,-,-,-,-,,-,-,,,N/A,N/A,-,-,-,-,-,-,-,-,-,-,-,-,-,-,-,-,-,-,-,,,-,-,-,-,0.01,-,-,-,-,0.01,-,-,-,-,-,-,1.43,1.43,-,N/A,-,-,-14.71,-,-,113.13,99.81,113.13,-,10920,10920,-,-,-,-,-,-,,1
1981-09,,0.027,0.006,0.005,0.003,0.003,-,-,-,0.006,-,0.014,0.014,0.001,0.07,,,38.76,7.93,15.4631,38.7605,15.4631,145.18,90.191,-,-,18.73,-,-,,51.76,19.773,11.7682,22.3417,-,,0.071,0.696,0.049,0.3,68.014,-,-,,1.314,-,,-,-,234.82,234.82,,-,1.55,0.48,-,0.31,-,-,-,,,334.8,161.5,173.3,51.76,,98.5,-,8.6,107.1,66.2,19.773,,-,-,-,10.3,76.5,-37.1,48.5,-,39.4,39.4,-,-,39.4,11.7682,,-,0.003,0.003,12257.778,,66.2,8.6,74.8,22.3417,,,72.8,-,72.8,-,-,-,42.3,42.3,-,-,-,-,103.9,103.9,8.1,227.1,-,-,-,-,-,30.9,30.9,-8.5,22.4,-,-,5.3,27.7,254.8,,-,-,-,-,-,10.7,-,10.7,-,-,-,59.5,70.2,1.9,-,1.9,0.071,-,5.3,-,7.2,77.4,,-,-,57,-,-,-,120.4,177.4,-,177.4,0.696,,,39.4,8.6,-,-,-,-,-,-,-,-,-,-,-,-,,-,-,-,-,-,-,-,-,-,-,,-,-,-,-,-,-,-,-,-,-,,-,-,-,-,,-,-,,,21.78,25.88,-,4.89,4.89,-,-,2.56,-,2.41,10.79,12.19,-,8.2,-,-,-,-,-,-,-,,,867.245,807.045,0.07,-,0.01,-,-,-,-,0.03,-,-,-,-,-,-,3.24,1.75,1.04,N/A,-,-,-13.45,-,-,154.71,200.09,-43.09,-,12257.778,12389.216,-,-,-,-,-,-,,1
1982-09,,0.046,0.009,0.008,0.005,0.004,-,-,-,0.012,-,0.02,0.02,-,0.08,,,28.216,7.09,20.0131,28.2163,20.0131,178.67,44.766,-,-,27.74,-,-,,53.46,17.527,10.5128,20.3739,-,,0.025,0.719,0.018,0.28,101.763,-,-,,1.904,-,,-,-,120.57,120.57,,-,3.03,0.47,-,0.154,-,-,-,,,583.1,271.4,311.7,53.46,,192.9,-,16.6,209.5,102.2,17.527,,-,-,-,14.6,116.8,-55.5,47.52,-,61.3,61.3,-,-,61.3,10.5128,,-,0.005,0.005,12714.074,,102.2,16.6,118.8,20.3739,,,153.1,-,153.1,-,-,-,71.5,71.5,-,-,-,-,75.4,75.4,11.2,311.2,-,-,-,-,-,57.3,57.3,-22.8,34.5,-,-,12.1,46.6,357.8,,-,-,-,-,-,4.2,-,4.2,-,-,-,81.6,85.8,2.1,-,2.1,0.025,-,12.9,-0.1,14.9,100.7,,-,-,118.3,-,-,-,138.8,257.1,-,257.1,0.719,,,61.3,16.6,-,-,-,-,-,-,-,-,-,-,-,-,,-,-,-,-,-,-,-,-,-,-,,-,-,-,-,-,-,-,-,-,-,,-,-,-,-,,-,-,,,16.59,19.36,-,3.98,3.98,-,-,1.74,-,1.5,7.38,8.58,-,11.66,-,-,-,-,-,-,-,,,1023.644,876.844,0.08,-,0.02,0.01,-,-,-,0.04,-,-,N/A,-,0.433,-,3.63,2.75,1.78,N/A,-,-,-3.28,-,-,67.91,50,53.12,-,12714.074,12795.552,-,-,-,-,-,-,,1
1983-09,,0.073,0.011,0.01,0.006,0.005,-,-,-,0.011,-,0.028,0.028,-,0.1,,,24.157,6.88,16.776,24.1575,16.776,155.24,37.068,-,-,22.04,-,-,,50.82,13.197,7.8042,15.4762,-,,0.003,0.679,0.002,0.32,109.252,-,-,,2.15,-,,-,-,82.28,82.28,,-,4.44,0.49,-,0.111,-,-,-,,,982.8,483.3,499.5,50.82,,347.4,-,22.4,369.8,129.7,13.197,,-,-,-,16.4,146.1,-69.4,47.5,-,76.7,76.7,-,-,76.7,7.8042,,-,0.006,0.006,13422.5,,129.7,22.4,152.1,15.4762,,,143.3,-,143.3,-,-,-,136.4,136.4,-,-,-,-,142.5,142.5,46.8,469,-,-,-,-,-,110,110,-42.9,67.1,-,-,20.5,87.6,556.6,,-,-,-,-,-,-,-,-,-,-,-,128.8,128.8,1.3,-,1.3,0.003,-,48.6,-,49.9,178.7,,-,-,195,-,-,-,182.9,377.9,-,377.9,0.679,,,76.7,22.4,-,-,-,-,-,-,-,-,-,-,-,-,,-,-,-,-,-,-,-,-,-,-,,-,-,-,-,-,-,-,-,-,-,,-,-,-,-,,-,-,,,17.5,20.09,-,3.51,3.51,-,-,1.37,-,1.2,7.78,9.13,-,10.95,-,-,-,-,-,-,-,,,1326.035,1184.035,0.1,-,0.02,-,-,-,-,0.06,-,-,N/A,-,0.659,-,3.64,2.53,1.11,N/A,0.28,0.08,-3.63,-,-,59.65,18.52,21.27,-,13422.5,13260.352,-,-,-,-,-,-,,1
1984-09,,0.114,0.01,0.007,0.005,0.004,-,-,-,0.008,-,0.034,0.034,-,0.11,,,15.217,4.74,9.5288,15.2166,9.5288,69.63,19.035,-,-,9.88,23.55,-,,44.55,6.036,4.2285,8.5428,-,,-,0.589,-,0.41,100.387,-,-,,2.253,-,,-,-,88.38,88.38,,-,4.13,0.55,-,0.134,-,-,-,,,1515.9,840.6,675.3,44.55,,545.8,-,38,583.8,91.5,6.036,,-,-,-,17.7,109.2,-45.1,41.3,-,64.1,64.1,-,-,64.1,4.2285,,-,0.005,0.005,13294.815,,91.5,38,129.5,8.5428,,,114.9,-,114.9,-,-,-,258.2,258.2,-,-,-,-,264.6,264.6,49.9,687.6,-,-,-,-,-,149.6,149.6,-73.7,75.9,-,-,25.3,101.2,788.8,,-,-,-,-,-,-,-,-,-,-,-,255.2,255.2,-,-,-,-,-,69,-,69,324.2,,-,-,259.1,-,-,-,205.5,464.6,-,464.6,0.589,,,64.1,38,-,-,-,-,-,-,-,-,-,-,-,-,,-,-,-,-,-,-,-,-,-,-,,-,-,-,-,-,-,-,-,-,-,,-,-,-,-,,-,-,,,22,27.5,-,3.21,3.21,-,-,0.96,-,0.91,10.63,15.05,-,6.64,-,-,-,-,-,-,-,,,1491.582,1376.682,0.11,-0.02,0.03,-0.01,-,-,-,0.06,-,5.4,N/A,-,0.628,-,2.69,1.66,0.45,10000,0.15,0.08,-2.26,-,-,55.72,-15.63,-14.04,-,13294.815,13559.84,1.85,-,-,-,-,-,,1
1985-09,,0.14,0.014,0.011,0.004,0.006,-,-,-,0.024,-,0.04,0.04,-,0.07,,,12.058,6.84,7.0957,12.0579,7.0957,130.59,25.085,-,-28.66,11.8,18.89,-,,43.91,7.6787,3.1903,9.8577,-,,-,0.588,-,0.41,97.658,-,-0.33,,2.224,-,,-,-,73.2,73.2,,-,4.99,0.56,-,0.112,-,-,-,,,1918.3,1076,842.3,43.91,,653.2,-,41.8,695,147.3,7.6787,,-,-,-,-27.3,120,-58.8,49,-,61.2,61.2,-,-,61.2,3.1903,,-,0.004,0.004,13708.8,,147.3,41.8,189.1,9.8577,,,337,-,337,-,-,-,220.2,220.2,-,-,-,-,167,167,97.9,822.1,-,-,-,-,-,175.6,175.6,-85.2,90.4,-,-,23.7,114.1,936.2,,-,-,-,-,-,-,-,-,-,-,-,295.4,295.4,-,-,-,-,-,90.3,-,90.3,385.7,,-,-,320.3,-,-,-,230.2,550.5,-,550.5,0.588,,,61.2,41.8,-,-,-,-,-,-,-,-,-,-,-,-,,-,-,-,-,-,-,-,-,-,-,,-,-,-,-,-,-,-,-,-,-,,-,-,-,-,,-,-,,,17.5,11.67,-,1.76,1.76,-,-,0.5,-,0.33,3.35,4.3,-,23.26,-,-,-,-,-,-,-,,,969.808,632.808,0.07,-,0.03,-,-,-,-,0.07,-,4.71,N/A,-,0.271,-,2.78,2.22,1.14,10000,0.14,0.06,-2.17,-,-,22.72,-7.41,41.61,-,13708.8,13854.4,1.43,-,-,-,-,-,,1
1986-09,,0.132,0.023,0.019,0.011,0.009,-,-,-,0.041,-,0.049,0.049,-,0.15,,,24.747,8.16,14.6926,24.7469,14.6926,276.68,37.15,-,-397.61,22.98,13.27,-,,55.83,14.3804,8.0972,17.0671,-,,-,0.598,-,0.4,101.312,-100.21,2.04,,1.815,-,,-,-,59.9,59.9,,-,6.09,0.44,-,0.072,-,-,-,,,1901.9,840,1061.9,55.83,,737.3,-,51.1,788.4,273.5,14.3804,,-,-,-,36.3,309.8,-155.8,50.29,-,154,154,-,-,154,8.0972,,-,0.011,0.011,14373.333,,273.5,51.1,324.6,17.0671,,,576.2,-,576.2,-,-,-,263.1,263.1,-,-,-,-,108.7,108.7,92.9,1040.9,-,-,-,-,-,222,222,-114.7,107.3,-,-,11.9,119.2,1160.1,,-,-,-,-,-,-,-,-,-,-,-,328.5,328.5,-,-,-,-,-,137.5,-,137.5,466,,-,-,474.3,-,-,-,219.8,694.1,-,694.1,0.598,,,154,51.1,-,-,-,-,-,-,-,-,-,-,-,-,,-,-,-,-,-,-,-,-,-,-,,-,-,-,-,-,-,-,-,-,-,,-,-,-,-,,-,-,,,13.64,16.67,-,3.03,3.03,-,-,1.14,-,0.8,4.71,5.59,-,17.89,-,-,-,-,-,-,-,,,2104.301,1528.101,0.15,0.01,0.04,0.01,-,-,-,0.1,-,5.66,N/A,-,0.126,-,3.17,2.84,1.75,10000,0.17,0.07,-1.26,-,-,-5.44,140.01,63.72,-,14373.333,14028.672,0.97,-,-,-,-,-,,1
1987-09,,0.181,0.03,0.025,0.015,0.013,-,-,-,0.04,0.001,0.059,0.059,-,0.5,,,28.42,3.37,16.4898,28.4202,16.4898,312.58,40.583,-,29.83,26.31,18.93,-,,53.94,13.9604,8.1733,16.6097,-,,-,0.566,-,0.43,108.825,0.9,1.39,,2.018,0.081,,-,-,49.81,49.81,,-,7.33,0.46,-,0.063,-,-,-,,,2661.1,1225.7,1435.4,53.94,,993.4,-,70.5,1063.9,371.5,13.9604,,-,-,-,38.9,410.4,-192.9,47,-,217.5,217.5,-,-,217.5,8.1733,,-,0.015,0.015,14674.699,,371.5,70.5,442,16.6097,,,565.1,-,565.1,-,-,-,405.6,405.6,-,-,-,-,225.8,225.8,110.9,1307.4,-,-,-,-,-,289.1,289.1,-158.7,130.4,-,-,40.1,170.5,1477.9,,-,-,-,-,-,-,-,-,-,-,-,478.7,478.7,-,-,-,-,-,162.8,-0.1,162.7,641.4,,-,-,573.1,-,-,-,263.4,836.5,-,836.5,0.566,,,217.5,70.5,-,-,-,-,-,-,-,-,-,-,-,-,,-,-,-,-,-,-,-,-,-,-,,-,-,-,-,-,-,-,-,-,-,,-,-,-,-,,-,-,,,33.33,38.46,-,8.44,8.44,-,-,2.76,-,2.44,14.7,17.49,-,5.72,-,-,-,-,-,0.21,-,,,7060.928,6495.828,0.5,-0.01,0.05,-,-,-,-,0.13,-,9.62,2,-1.41,0.234,-,2.73,2.26,1.18,10000,0.51,0.15,-0.66,-,0.21,37.04,38.33,33.37,-,14674.699,14121.856,1.55,-,-,-,-,-,,1
1988-09,,0.28,0.048,0.043,0.028,0.026,-,-,-,0.04,0.003,0.073,0.073,0.009,0.39,,,43.513,8.14,22.4888,43.5132,22.4888,367.26,55.035,42.86,39.88,30.9,19.09,-,,53.01,15.2355,9.832,17.144,-,,0.127,0.482,0.061,0.52,121.247,1.26,1.29,,2.287,0.11,,-,-,65.56,65.56,,-,5.57,0.47,-,0.084,-,-,-,,,4071.4,1913.2,2158.2,53.01,,1460.2,-,77.7,1537.9,620.3,15.2355,,-,-,-,35.9,656.2,-255.9,39,-,400.3,400.3,-,-,400.3,9.832,,-,0.028,0.028,14556.364,,620.3,77.7,698,17.144,,,545.7,-,545.7,-,-,-,638.8,638.8,-,-,-,-,461.5,461.5,137,1783,-,-,-,-,-,420.4,420.4,-213,207.4,-,-,91.7,299.1,2082.1,,-,-,-,-,-,127.9,-,127.9,-,-,-,699.2,827.1,-,-,-,0.127,-,251.6,-,251.6,1078.7,,-,-,776.5,-,-,-,226.9,1003.4,-,1003.4,0.482,,,400.3,77.7,-,-,-,-,-,-,-,-,-,-,-,-,,-,-,-,-,-,-,-,-,-,-,,-,-,-,-,-,-,-,-,-,-,,-,-,-,-,,-,-,,,13.93,15,-,5.34,5.34,-,-,1.39,-,1.21,7.08,7.97,-,12.55,-,-,-,-,-,0.74,-,,,5362.506,4944.706,0.39,-0.04,0.05,-0.02,-,-,-,0.21,-,6.01,3,-1.8,0.396,-,2.16,1.6,0.66,10000,0.53,0.25,2.63,-,0.74,54.24,85.55,59.2,-,14556.364,13750.016,1.78,-,-,-,-,-,,1
1989-09,,0.368,0.053,0.044,0.032,0.027,-,0.019,0.035,0.031,0.004,0.105,0.105,0.004,0.4,,,36.479,9.58,18.8148,36.479,18.8148,165.53,40.875,33.75,3.2,22.06,17.44,-,,51.36,12.0042,8.592,14.366,5.0776,,0.038,0.541,0.021,0.46,112.474,0.08,6.38,,2.19,0.133,,-,47.46,66.53,19.07,,-,5.49,0.49,-,0.089,0.05,0.38,0.47,,,5284,2570,2714,51.36,,1954.9,-,124.8,2079.7,634.3,12.0042,,-,-,-,110,744.3,-290.3,39,-,454,454,-,-,454,8.592,,-,0.032,0.032,14363.842,,634.3,124.8,759.1,14.366,,,438.3,-,438.3,-,-,-,792.8,792.8,-,-,-,-,475.4,475.4,587.9,2294.4,-,-,-,-,-,643.3,643.3,-309.1,334.2,-,-,115.3,449.5,2743.9,,334.2,-,-,-,334.2,56.8,-,56.8,-,-,-,504.3,895.3,-,-,-,0.038,-,362.9,-,362.9,1258.2,,-,-,1175.9,-,-,-,309.8,1485.7,-,1485.7,0.541,,,454,124.8,-154,-13.9,-,-,58.9,-109,111.3,-,-,-,-73.8,507.3,,-239,-,-,-,-984.7,787.4,-,-,33.2,-403.1,,96,-12.9,-,-,-71.1,-71.1,-50.3,-,-,-38.3,,-,-,65.9,-,,-239,268.3,,,12.5,14.81,-,3.81,3.81,21.05,11.43,1.09,-,1,6.95,8.32,19.66,12.02,-,-,-,-,-,0.9,4.74,,,5656.896,5275.396,0.4,-0.06,0.07,-0.04,0.08,-,-,0.25,-,5.84,2,-2.21,0.53,12.75,2.56,2.03,0.49,10000,0.44,0.3,-2.85,-1.47,0.69,31.52,14.93,10.21,-,14363.842,14142.24,1.57,-,-,-,-,-,,1
1990-09,,0.395,0.065,0.051,0.034,0.031,0.055,0.053,0.069,0.029,0.004,0.112,0.112,0.009,0.26,,,32.389,13.95,16.6061,32.3887,16.6061,107.92,37.5,22.86,-69.13,20.53,16.39,-,,56.76,12.8094,8.5438,16.4562,13.306,,0.085,0.486,0.041,0.51,110.319,2.36,0.51,,1.944,0.127,,-,51.24,63.09,11.85,,-,5.79,0.43,-,0.075,0.04,0.32,0.23,,,5558.4,2403.5,3154.9,56.76,,2240.2,-,202.7,2442.9,712,12.8094,,-,-,-,66.5,778.5,-303.6,39,-,474.9,474.9,-,-,474.9,8.5438,,-,0.034,0.034,14071.111,,712,202.7,914.7,16.4562,,,374.7,-,374.7,-,-,-,761.9,761.9,-,-,-,-,355.5,355.5,911.2,2403.3,-,-,-,-,-,844.9,844.9,-446.7,398.2,-,-,174.2,572.4,2975.7,,340.6,-,-,-,340.6,122.6,-,122.6,-,-,-,563.8,1027,-,-,-,0.085,-,501.8,0.1,501.9,1528.9,,-,-,1312.2,-,-,-,134.6,1446.8,-,1446.8,0.486,,,474.9,202.7,31,119.9,-,-52.5,46.9,145.3,138.9,-,-,-,2.1,963.9,,-224.3,-,-,-,-1424.4,1172.7,-,-,-97.5,-573.5,,103.5,-569.6,-,65.9,-,65.9,-53.8,-,-,-454,,-,-,-63.6,-,,-224.3,739.6,,,7.65,8.39,4.73,2.32,2.32,4.91,3.77,0.66,-,0.56,3.4,4.36,4.2,22.94,-,-,-,-,-,1.52,22.02,,,3359.254,3107.154,0.26,-0.09,0.07,-0.08,0.22,-,-,0.28,0.53,5.22,6,-2.84,0.435,2.84,2.34,1.99,0.36,10000,0.44,0.25,8.64,13.88,15.34,7.38,6.78,23,-,14071.111,12920.208,1.31,-,-,-,-,14517,,1
1991-09,,0.469,0.048,0.033,0.023,0.021,-0.006,-0.007,0.01,0.046,0.004,0.133,0.133,0.011,0.44,,,19.281,5.84,9.5775,19.2812,9.5775,59.95,21.173,7.02,-57.72,11.57,14.56,-,,50.71,7.0901,4.9106,10.33,-1.4202,,0.084,0.506,0.043,0.49,98.901,-2.75,0.87,,1.95,0.208,,-,40.95,60.28,19.34,,-,6.05,0.49,-,0.081,0.03,0.49,1.7,,,6308.8,3109.7,3199.1,50.71,,2547.4,-,204.4,2751.8,447.3,7.0901,,-,-,-,52.4,499.7,-189.9,38,-,309.8,309.8,-,-,309.8,4.9106,,-,0.023,0.023,13448.682,,447.3,204.4,651.7,10.33,,,604.1,-,604.1,-,-,-,907.2,907.2,-,-,-,-,671.7,671.7,680.6,2863.6,-,-,-,-,-,1036,1036,-588,448,-,-,182,630,3493.6,,357.1,-,-,-,357.1,148.6,-,148.6,-,-,-,711.4,1217.1,-,-,-,0.084,-,509.9,-0.1,509.8,1726.9,,-,-,1492,-,-,-,274.7,1766.7,-,1766.7,0.506,,,309.8,204.4,-145.3,-316.2,-,-18.4,79.2,-400.7,8,-,-,-,7.2,128.7,,-218.3,-,-,-,-610.7,944.5,-,-,-57.2,58.3,,257.7,-184.7,-,25.9,-,25.9,-56.5,-,0.1,42.5,,-,-,229.5,-,,-218.3,-89.6,,,19.13,20.95,-,3.3,3.3,-,44,0.94,-,0.85,8.25,12.02,-60.03,8.32,-,-,-,-,-,0.97,-1.54,,,5834.062,5378.562,0.44,-0.08,0.09,-0.06,0.21,-,-,0.25,0.62,5.47,5,-2.12,0.441,3.51,2.35,1.8,0.5,10000,0.65,0.22,-2.62,-1.25,-0.7,18.75,-31.75,-25.46,-,13448.682,13259.232,1.22,-,-,-,-,14432,,1
1992-09,,0.516,0.079,0.063,0.039,0.04,0.06,0.053,0.067,0.038,0.004,0.165,0.165,0.014,0.4,,,26.826,11.06,13.745,26.8265,13.745,89.75,34.057,8.09,29.01,17.14,14.28,5.23,,43.68,11.371,7.4842,15.259,10.2465,,0.084,0.518,0.044,0.48,80.215,7.55,0.75,,1.837,0.107,,-,35.85,57.24,21.39,,-,6.38,0.56,-,0.088,0.03,0.24,0.21,,,7086.542,3991.337,3095.205,43.68,,1687.262,602.135,-,2289.397,805.808,11.371,,71.686,-8.708,62.978,-13.344,855.442,-325.069,38,-,530.373,530.373,-,-,530.373,7.4842,,-,0.039,0.039,13729.632,,864.15,217.182,1081.332,15.259,,,498.6,-,498.6,-,-,-,1087.2,1087.2,-,-,-,-,580.1,580.1,1392.5,3558.4,-,-,-,-,-,1135.6,1135.6,-673.4,462.2,-,-,203.1,665.3,4223.7,,426.9,-,-,-,426.9,184.5,-,184.5,-,-,-,814.1,1425.5,-,-,-,0.084,-,610.8,-,610.8,2036.3,,-,-,1904.5,-,-,-,282.9,2187.4,-,2187.4,0.518,,,530.373,217.182,-180.026,91.558,-,112.886,134.313,158.731,100.9,-,-,-,-86.213,920.973,,-194.853,-,-,-,-2121.341,1472.97,-,-,-69.41,-912.634,,120.388,-212.625,-,35.504,-,35.504,-57.196,-,-,-113.929,,604.147,-,-105.59,498.557,,-194.853,726.12,,,10.26,10,6.67,2.43,2.43,7.55,5.97,0.78,-,0.7,4.62,5.78,6.88,17.3,-,-,-,-,-,1.06,13.68,,,5307.859,4993.759,0.4,-0.12,0.11,-0.09,0.37,-,-,0.38,0.6,5.15,7,-2.59,0.536,12.36,2.5,2.09,0.35,92.54,0.62,0.39,-0.08,1.74,1.8,10.03,67.83,62.53,-,13718.88,13269.648,1.38,12/13/94,12/13/94,-,-,14798,,1
1993-09,,0.594,0.024,0.011,0.007,0.022,-0.064,-0.064,-0.048,0.069,0.004,0.156,0.156,0.064,0.21,,,4.129,3.06,1.852,4.1293,1.852,8.41,5.566,-23.89,95.02,8.43,14.69,2.37,,34.2,5.403,1.0906,3.9865,-10.8311,,0.41,0.392,0.161,0.61,58.073,-6.56,1.06,,1.698,0.192,,63.23,40.66,72.55,95.12,,5.77,5.03,0.66,-,0.131,0.03,0.49,-,,,7977,5249,2728,34.2,,1632,665,-,2297,431,5.403,,70,-12,58,-349,140,-53,37.86,-,87,87,-,-,87,1.0906,,-,0.007,0.007,13424,,152,166,318,3.9865,,,676.413,215.89,892.303,1381.946,-,-,-,1381.946,-,-,-,-,1506.638,1506.638,557.47,4338.355,-,404.688,-,746.177,-,261.792,1412.657,-753.111,659.546,-,-,173.511,833.057,5171.412,,742.622,-,-,482.479,1225.101,823.182,-,823.182,-,-,-,459.802,2508.085,7.117,-,7.117,0.41,-,629.832,-,636.949,3145.034,,203.613,-,1842.6,-19.835,-,-,-,2026.378,-,2026.378,0.392,,,87,166,-295,-927,-,519,-214,-917,19,-,-,-,-6,-651,,-213,-,-,-,-1432,2153,-,-,-15,493,,85,-273,-,639,-11,628,-56,-,-48,336,,498,-,178,676,,-213,-864,,,30,9.55,-,1.35,1.35,-,-,0.35,-,0.33,8.4,17.56,-3.09,5.69,-,-,-,-,-,2.05,-31.63,,,2731.777,2669.773,0.21,-0.17,0.09,-0.04,0.21,-,-,0.28,0.51,3.08,2,-1.33,0.465,4.74,1.73,1.13,0.36,35.92,0.58,0.21,1.97,6.88,1.22,15.13,-83.14,-69.92,-,13342,13008.464,1.83,12/19/95,12/19/95,-,-,14938,,1
1994-09,,0.691,0.053,0.041,0.023,0.019,0.041,0.043,0.055,0.094,0.004,0.178,0.178,0.045,0.3,,,14.061,8.34,5.9192,14.0609,5.9192,23.21,17.933,-10.58,32.72,8.11,14.6,5.6,,25.5,4.2986,3.3736,7.7049,6.2792,,0.251,0.449,0.113,0.55,44.738,16.39,1.44,,1.755,0.231,,58.85,43.31,69.17,84.7,,6.2,5.28,0.75,-,0.141,0.02,0.41,0.22,,,9189,6846,2343,25.5,,1384,564,-,1948,395,4.2986,,43,-40,3,102,500,-190,38,-,310,310,-,-,310,3.3736,,-,0.023,0.023,13298.32,,540,168,708,7.7049,,,1203,55,1258,1581,-,-,-,1581,469,207,-,412,-,1088,549,4476,-,484,-,731,-,237,1452,-785,667,-,-,160,827,5303,,882,-,-,178,1060,292,-,292,-,-,-,592,1944,305,-,305,0.251,-,671,-,976,2920,,298,-,2096,-,-,-,-11,2383,-,2383,0.449,,,310,168,-199,418,-,-111,140,248,-,-,-,-,11,737,,-160,-,-,-,-312,474,-,-,-4,-2,,82,-,-,297,-531,-234,-56,-,-,-208,,676,-,527,1203,,-160,577,,,13.04,15.79,7.32,1.69,1.69,6.98,5.45,0.43,-,0.37,4.74,6.21,5.82,16.1,-,-,-,-,-,1.42,14.37,,,4016.645,3355.645,0.3,-0.12,0.12,0.01,0.3,-,-,0.27,0.48,4.02,5,-2.57,0.333,-8.01,2.3,1.74,0.65,9.88,0.34,0.2,-2.92,-2.04,-9.98,16.28,257.53,124.75,-,13298.32,13388.816,1.54,12/19/96,12/13/94,-,-,11287,,1
1995-09,,0.803,0.062,0.052,0.031,0.032,-0.029,-0.029,-0.017,0.069,0.004,0.211,0.211,0.055,0.33,,,16.048,10.25,7.3522,16.0484,7.3522,26.98,19.876,7.92,20.39,12.22,16.26,7.05,,25.84,5.9754,3.8329,7.6749,-3.6069,,0.263,0.466,0.123,0.53,49.558,1.77,0.97,,1.918,0.132,,57.94,45.54,63.69,76.09,,6.3,5.73,0.74,-,0.129,0.01,0.24,-,,,11062,8204,2858,25.84,,1583,614,-,2197,661,5.9754,,100,-48,52,-39,674,-250,37.09,-,424,424,-,-,424,3.8329,,-,0.031,0.031,13781.264,,722,127,849,7.6749,,,756,196,952,1931,-,-,-,1931,841,291,-,643,-,1775,566,5224,-,504,-,783,-,205,1492,-781,711,-,-,296,1007,6231,,1165,-,-,291,1456,461,-,461,-,-,-,408,2325,303,-,303,0.263,-,702,-,1005,3330,,398,-,2464,-,-,-,39,2901,-,2901,0.466,,,424,127,-350,-687,-,236,4,-797,-,-,-,-,6,-240,,-159,-,-,-,-1672,1531,-,-,-102,-402,,86,-,-,169,-2,167,-58,-,-,195,,1203,-,-447,756,,-159,-399,,,10.65,10.31,-,1.57,1.57,-,-,0.41,-,0.39,5.13,6.03,-10.92,16.58,-12.81,11.46,2.12,0.66,30.39,1.29,-8.78,,,4543.197,4355.197,0.33,-0.17,0.14,-,0.27,0.81,-,0.39,0.42,4.09,5,-1.48,0.512,17.11,2.25,1.48,0.41,13.77,0.44,0.3,-2.83,-1.89,-0.73,16.16,32.18,15.71,-12.75,13781.264,13767.264,1.99,12/5/97,12/19/95,-,-,13191,,1
1996-09,,0.71,-0.081,-0.089,-0.059,-0.055,0.05,0.025,0.029,0.125,0.001,0.148,0.148,0.081,0.2,,,-32.91,-24.29,-14.075,-32.9099,-14.075,-52.89,-33.989,-421.74,75.76,-24.89,11.07,6.32,,9.84,-12.2445,-8.2986,-11.38,3.4679,,0.552,0.384,0.212,0.62,16.697,24.4,1.06,,1.696,-,,63.6,40.27,50.17,73.51,,5.74,7.28,0.9,-,0.124,0.01,-,0.16,,,9833,8865,968,9.84,,1568,604,-,2172,-1204,-12.2445,,60,-60,-,-91,-1295,479,36.99,-,-816,-816,-,-,-816,-8.2986,,-,-0.059,-0.059,13858.208,,-1235,116,-1119,-11.38,,,1552,193,1745,1496,-,-,-,1496,213,43,-,406,-,662,612,4515,-,480,-,680,-,188,1348,-750,598,-,-,251,849,5364,,791,-,-,555,1346,186,-,186,-,-,-,471,2003,949,-,949,0.552,-,354,-,1303,3306,,439,-,1634,-,-,-,-15,2058,-,2058,0.384,,,-816,116,435,1113,-,-249,230,1529,-437,-,-,-,16,408,,-67,47,-,-,-437,440,-,-,9,-8,,39,-,-,646,-275,371,-14,-,-,396,,756,-,796,1552,,-67,341,,,-,-,4,1.36,1.36,8,6.9,0.28,-,0.22,-1.95,-1.76,6.39,-56.82,-,9.03,1.22,0.35,15.27,0.54,12.23,,,2788.733,2178.733,0.2,-0.11,0.09,-0.01,0.16,0.67,-,-,0.29,2.58,4,-2.96,0.232,-22.67,2.25,1.92,0.87,-,0.37,0.15,-1.28,-1.4,-5.41,-11.6,-291.01,-231.07,-,13858.208,13943.664,0.97,12/23/98,12/19/96,-,-,10896,,1
1997-09,,0.502,-0.061,-0.069,-0.074,-0.054,-0.027,-0.02,0.011,0.102,-,0.073,0.073,0.068,0.19,,,-64.15,-24.74,-21.7776,-64.1498,-21.7776,-88.18,-33.726,91.86,2.54,-41.21,3.01,6.73,,19.32,-10.9871,-14.7578,-12.0887,-3.9966,,0.813,0.283,0.231,0.72,28.509,0.76,-1.31,,1.476,-,,65.23,47.15,35.11,53.19,,5.6,10.4,0.81,-,0.078,0.06,-,2.84,,,7081,5713,1368,19.32,,1286,860,-,2146,-778,-10.9871,,82,-71,11,-278,-1045,-,-,-,-1045,-1045,-,-,-1045,-14.7578,,-,-0.074,-0.074,14118.944,,-974,118,-856,-12.0887,,,1230,229,1459,1035,-,-,-,1035,141,15,-,281,-,437,493,3424,-,453,-,570,-,172,1195,-709,486,-,-,323,809,4233,,685,-,-,586,1271,25,-,25,-,-,-,522,1818,951,-,951,0.813,-,264,-,1215,3033,,498,150,589,-,-,-,-37,1200,-,1200,0.283,,,-1045,118,469,225,-,2,23,719,-50,-,-,-,412,154,,-53,47,-384,-,-999,963,-384,-,311,-499,,34,-,150,-,-161,-161,-,-,-,23,,1552,-,-322,1230,,-437,-283,,,-,-,-,2.59,2.59,-,17.27,0.38,-,0.34,-2.79,-2.45,-8.44,-40.82,-,14.86,1.18,0.31,20.93,-,-10.39,,,2722.755,2389.755,0.19,-0.11,0.02,-0.05,0.08,0.42,-,-,0.02,2.05,3,-3.89,0.134,-16.54,1.88,1.64,0.8,-,0.26,0.12,-2.77,-1.25,-9.01,-29.32,-25.8,24.92,-,14118.944,14330.288,-0.35,12/22/99,12/5/97,-,-,8437,,1
1998-09,,0.316,0.027,0.021,0.019,0.017,0.025,0.039,0.041,0.152,-,0.099,0.099,0.063,0.34,,,21.745,6.3,7.2518,21.7452,7.2518,77.73,15.085,7.25,-228.44,19.17,7.01,6.42,,24.89,4.3932,5.2011,8.4498,12.2707,,0.581,0.383,0.222,0.62,34.71,8.15,0.95,,1.394,-,,61.13,57.42,21.06,24.77,,5.97,17.33,0.75,-,0.043,0.01,0.18,0.06,,,5941,4462,1479,24.89,,908,310,-,1218,261,4.3932,,100,-62,38,30,329,-20,6.08,-,309,309,-,-,309,5.2011,,-,0.021,0.019,18806.704,,391,111,502,8.4498,,,1481,819,2300,955,-,-,-,955,32,5,-,41,-,78,365,3698,-,338,-,357,-,129,824,-476,348,-,-,243,591,4289,,719,-,-,337,1056,-,-,-,-,-,-,464,1520,954,-,954,0.581,-,173,-,1127,2647,,633,150,898,-39,-,-,-,1642,-,1642,0.383,,,309,111,72,359,-,-73,29,387,1,-,-,-,-33,775,,-46,89,-,24,-2313,1723,-10,-,-10,-543,,41,-,-,3,-25,-22,-,-,-,19,,1230,-,251,1481,,-46,729,,,17.89,20,13.6,3.45,3.45,8.72,8.29,1.08,-,0.67,7.87,10.11,5.42,9.89,-,31.39,2.16,0.56,27.64,-,14.16,,,5148.149,3952.149,0.34,-0.02,0.06,0.02,0.06,0.2,-,0.19,0.04,3.76,7,-3.25,0.07,1.8,2.43,2.38,1.51,4.21,0.38,0.12,-5.66,-0.8,1.19,-37.01,125.33,144.03,-,14781.088,15141.616,0.46,12/14/00,12/23/98,-,-,6658,,1
1999-09,,0.314,0.041,0.037,0.032,0.022,0.046,0.039,0.042,0.179,-,0.164,0.164,0.017,0.54,,,25.327,7.69,12.7196,25.3266,12.7196,217.12,22.661,-3.64,34.68,28.68,8.82,7.5,,27.65,6.2928,9.7978,13.1725,12.2432,,0.097,0.601,0.058,0.4,35.894,20.56,1.25,,1.298,-,,48.67,62.96,4.03,-10.25,,7.5,90.57,0.72,-,0.008,0.01,0.18,0.09,,,6134,4438,1696,27.65,,996,314,-,1310,386,6.2928,,144,-47,97,193,676,-75,11.09,-,601,601,-,-,601,9.7978,,-,0.038,0.032,19506.368,,723,85,808,13.1725,,,1326,1900,3226,681,-,-,-,681,4,3,-,13,-,20,358,4285,339,323,-,281,-,125,729,-411,318,-,-,219,876,5161,,812,-,-,275,1087,-,-,-,-,-,-,462,1549,300,-,300,0.097,-,208,-,508,2057,,1349,150,1499,106,-,-,-,3104,-,3104,0.601,,,601,85,274,58,-,95,-26,401,-35,-,-,-,-230,822,,-71,23,-,245,-4348,3155,-,-,8,-988,,86,-75,-,-,-,-,-,-,-,11,,1481,-,-155,1326,,-71,751,,,16.88,24.55,11.74,3.29,3.29,13.85,12.86,1.72,-,1.13,8.6,9.61,9.25,10.41,4.3,53.64,3.37,0.9,35.34,-,7.72,,,9725.124,6949.124,0.54,0.06,0.12,0.09,0.22,0.19,-,0.28,0.16,5.53,9,-2.67,0.042,14.86,2.77,2.75,2.08,8.21,0.71,0.28,-18.94,-0.11,3.36,-0.45,72.38,55.18,-,16033.584,18009.488,0.52,12/21/01,12/22/99,-,-,9736,,1
2000-09,,0.396,0.059,0.055,0.039,0.029,0.053,0.036,0.043,0.214,-,0.214,0.214,0.016,0.46,,,21.8,10.16,13.1394,21.8,13.1394,302.04,26.244,-218.18,17.89,27.61,17.2,7,,27.13,7.7665,9.8459,14.9944,9.0943,,0.073,0.604,0.044,0.4,36.209,2.96,0.17,,1.335,-,,37.36,61.77,1.66,-22.76,,9.77,219.51,0.73,-,0.003,0.02,0.23,0.16,,,7983,5817,2166,27.13,,1166,380,-,1546,620,7.7665,,210,-21,189,283,1092,-306,28.02,-,786,786,-,-,786,9.8459,,-,0.043,0.039,20178.144,,1113,84,1197,14.9944,,,1191,2836,4027,953,-,-,-,953,1,2,-,30,-,33,414,5427,786,324,-,351,-,131,806,-387,419,-,-,171,1376,6803,,1157,-,-,257,1414,-,-,-,105,-,105,414,1933,300,-,300,0.073,-,463,-,763,2696,,1502,76,2285,244,-,-,-,4107,-,4107,0.604,,,786,84,-272,-13,-,318,159,192,163,-,-,-,-357,868,,-142,11,-,372,-4499,3331,-,-,-45,-972,,85,-116,-,-,-,-,-,-,-,-31,,1326,-,-135,1191,,-142,726,,,11.79,15.86,8.68,2.15,2.15,12.78,10.7,1.16,-,0.63,4.17,4.49,6.88,22.27,6.63,47.55,2.65,0.75,36.9,-,8.4,,,8647.037,4996.037,0.46,0.07,0.14,0.11,0.32,0.24,-,0.38,0.2,4.72,7,-2.18,0.074,13.08,2.81,2.79,2.08,29.52,1.29,0.46,-4.38,0.36,4.14,25.81,20.44,43.21,-,18175.808,18797.906,1.97,12/19/02,12/14/00,-,-,11728,,1
2001-09,,0.277,0.003,-0.002,-0.001,-0.005,0.003,-0.002,0.01,0.221,-,0.199,0.196,0.016,0.28,,,-0.623,-0.44,-0.3899,-0.6289,-0.3922,-7.32,-0.768,553.85,132.15,-14.96,15.51,5.19,,23.03,-6.4143,-0.4662,1.1934,-0.8764,,0.081,0.651,0.053,0.35,19.261,3.16,1.01,,0.836,-,,48.29,86.56,1.95,-36.33,,7.56,187.64,0.77,-,0.004,0.04,-,1.25,,,5363,4128,1235,23.03,,1138,441,-,1579,-344,-6.4143,,218,-16,202,90,-52,15,28.85,12,-25,-37,-,-,-25,-0.4662,,-,-0.001,-0.001,19354.328,,-36,100,64,1.1934,,,2310,2026,4336,466,-,-,-,466,1,-,-,10,-,11,330,5143,128,337,-,437,-,186,960,-396,564,76,66,110,878,6021,,801,-,-,218,1019,-,-,-,184,-,184,315,1518,317,-,317,0.081,-,266,-,583,2101,,1693,-,2260,-22,-,-,-11,3920,-,3920,0.651,,,-37,100,487,22,-,-356,58,211,-36,2,-,-,-55,185,,-232,-,-19,340,-4268,5429,-,-,-358,892,,42,-,-,-,-,-,-,-,-,42,,1191,-,1119,2310,,-232,-47,,,-,-,93.33,1.4,1.43,-,28,1.01,-,0.28,23.18,-41.21,-31.56,-2.43,8.48,42.53,1.55,0.47,21.49,-,-0.85,,,5502.452,1483.452,0.28,0.11,0.15,0.13,0.28,0.17,-,-,0.22,3.69,4,-3.46,-0.015,-18.3,3.39,3.38,2.86,-,0.47,0.25,-4.54,-0.76,-1.04,-29.96,-103.21,-94.43,-,19354.328,19651.613,1.93,12/19/03,12/21/01,-,-,11434,,1
2002-09,,0.283,0.01,0.005,0.003,0.006,-0.005,-0.004,0.004,0.216,-,0.204,0.198,0.016,0.26,,,1.622,1.27,1.0553,1.6624,1.0723,16.54,2.144,-15.38,368.25,2.48,15.57,3.48,,27.92,0.8185,1.132,3.6921,-1.4803,,0.077,0.65,0.05,0.35,26.025,-52.67,0.81,,0.932,-,,32.77,75.49,2.47,-40.25,,11.14,147.82,0.72,-,0.005,0.03,3.7,1.96,,,5742,4139,1603,27.92,,1109,447,-,1556,47,0.8185,,118,-11,107,-67,87,-22,25.29,-,65,65,-,-,65,1.132,,-,0.003,0.003,20259.96,,98,114,212,3.6921,,,2252,2085,4337,565,-,-,142,707,9,-,-,36,-,45,299,5388,39,342,-,434,-,281,1057,-436,621,119,85,131,910,6298,,911,-,-,205,1116,-,-,-,240,-,240,302,1658,316,-,316,0.077,-,229,-,545,2203,,1826,-,2325,-49,-,-,-7,4095,-,4095,0.65,,,65,114,-99,-34,-,110,-89,-112,-34,5,-,-,51,89,,-174,-,-52,25,-4144,4125,-,-,-32,-252,,105,-,-,-,-,-,-,-,-,105,,2310,-,-58,2252,,-174,-85,,,86.67,43.33,-,1.28,1.31,-,65,0.92,-,0.21,5.69,12.3,-14.18,8.13,8.3,136.1,1.41,0.46,42.78,-,-1.63,,,5226.443,1205.443,0.26,0.11,0.16,0.13,0.32,0.17,-,0.16,0.31,3.61,7,-2.14,0.012,3.62,3.25,3.22,2.62,4.27,0.47,0.25,-2.29,-2.01,-1.99,2.28,357.12,216.44,-,19881.232,20101.703,2.12,12/3/04,12/19/02,-,-,12241,,1
2003-09,,0.305,0.007,0.001,0.003,0.004,0.007,0.006,0.014,0.222,-,0.206,0.2,0.015,0.37,,,1.659,0.92,1.0524,1.7058,1.071,3.88,0.55,-37.66,-3.36,1.09,12.01,2.58,,27.52,0.4028,1.1116,2.2233,2.0139,,0.072,0.62,0.045,0.38,26.05,-9.2,-,,0.947,-,,39.13,83.77,4.1,-40.53,,9.33,89.09,0.72,-,0.008,0.03,6.56,0.57,,,6207,4499,1708,27.52,,1212,471,-,1683,25,0.4028,,69,-8,83,-16,92,-24,26.09,1,69,68,-,-,69,1.1116,,-,0.004,0.003,20354.096,,25,113,138,2.2233,,,3396,1170,4566,766,-,-,184,950,2,4,-,50,-,56,315,5887,-,350,-,467,-,357,1174,-505,669,109,85,150,928,6815,,1154,-,-,191,1345,304,-,304,368,-,368,340,2357,-,-,-,0.072,-,235,-,235,2592,,1926,-,2394,-35,-,-,-62,4223,-,4223,0.62,,,68,113,-201,-11,-,243,88,119,-4,16,-,-,-23,289,,-164,-,-,-,-2648,3607,-,-,33,828,,53,-26,-,-,-,-,-,-,-,27,,2252,-,1144,3396,,-164,125,,,123.33,92.5,52.86,1.8,1.85,61.67,26.43,1.21,-,0.54,24.18,133.46,26.69,0.75,-26.93,220.9,1.97,0.7,24.07,-,1.65,,,7598.575,3336.575,0.37,0.1,0.16,0.13,0.31,0.26,-,0.13,0.28,3.83,6,-2.41,-0.006,-15.38,2.5,2.47,1.94,3.13,0.41,0.23,-2.16,-0.36,-0.3,7.6,-,-35.21,-31.31,20195.336,20536.689,1.41,12/1/05,12/19/03,-,-,13566,,1
2004-09,,0.382,0.024,0.017,0.012,0.013,0.029,0.035,0.043,0.249,-,0.232,0.227,-,0.69,,,5.721,1.92,3.5789,5.8507,3.6292,54.22,7.568,-46.43,7435.6,12.44,11.66,0.99,,27.26,4.0585,3.2129,6.3172,9.1557,,-,0.631,-,0.37,30.367,43.5,0.14,,1.114,-,,33.95,78.95,4.76,-40.24,,10.75,76.71,0.73,-,0.009,0.02,0.52,0.19,,,8279,6022,2257,27.26,,1430,491,-,1921,336,4.0585,,64,-3,61,-27,370,-104,28.11,-,266,266,-,-,266,3.2129,,-,0.013,0.012,21693.728,,373,150,523,6.3172,,,2969,2495,5464,774,-,-,276,1050,-,-,-,-,101,101,440,7055,-,351,-,501,-,446,1298,-591,707,97,80,191,995,8050,,1451,-,-,252,1703,-,-,-,342,-,342,606,2651,-,-,-,-,-,315,8,323,2974,,2514,-,2670,-15,-,-,-93,5076,-,5076,0.631,,,266,150,-8,-45,-,297,124,368,19,46,-,-,85,934,,-176,-,-,-,-3270,1947,-,-,11,-1488,,427,-,-,-,-300,-300,-,-,-,127,,3396,-,-427,2969,,-176,758,,,57.5,53.08,23.79,2.98,3.04,19.71,16.05,1.81,-,1.17,18.47,25.9,12.75,3.86,-19.72,-,3.57,1.4,50.78,-,5.01,,,15125.382,9661.382,0.69,0.11,0.19,0.14,0.35,0.37,-,0.26,0.3,5.35,7,-2.71,-0.057,10.19,2.66,2.62,2.06,112,0.69,0.35,-6.74,-2.82,-2.77,25.15,277.82,255.58,-21.96,20809.04,21920.843,1.29,12/29/06,12/3/04,-,-,13426,,1
2005-09,,0.581,0.076,0.068,0.055,0.055,0.077,0.095,0.106,0.353,-,0.318,0.314,-,1.91,,,21.241,3.53,13.5746,21.5742,13.7098,215.62,24.471,78.38,256.83,56.63,11,-,,29.01,11.7938,9.5327,13.0787,16.3305,,-,0.645,-,0.35,41.317,4.76,1.13,,1.424,-,,21.86,59.61,4.91,-32.84,,16.69,74.35,0.71,-,0.01,0.02,0.16,0.1,,,13931,9889,4042,29.01,,1864,535,-,2399,1643,11.7938,,183,-,183,-18,1808,-480,26.55,-,1328,1328,-,-,1328,9.5327,,-,0.059,0.055,23992.584,,1643,179,1822,13.0787,,,3491,4770,8261,895,-,-,417,1312,-,-,-,-,165,165,562,10300,-,361,-,551,-,569,1481,-664,817,96,69,303,1216,11516,,1779,196,-,409,2384,-,-,-,501,-,527,576,3487,-,-,-,-,-,589,12,601,4088,,3564,-,3925,-,-,-,-61,7428,-,7428,0.645,,,1328,179,-121,-64,-,328,349,492,50,49,-,-,437,2535,,-260,-,-,-,-11470,9195,-,-,-21,-2556,,543,-,-,-,-,-,-,-,-,543,,2969,-,522,3491,,-260,2275,,,34.73,34.73,24.81,6.01,6.09,20.11,18.02,3.29,1.44,2.61,19.98,22.15,16,4.51,21.37,1178.43,9.31,4.06,68.34,-,5.09,,,44656.835,36395.835,1.91,0.18,0.27,0.21,0.53,0.66,1.35,0.62,0.42,9.47,8,-2.57,-0.103,11.71,2.95,2.91,2.37,10000,1.92,0.68,-6.66,-1.22,-1.22,52.15,355.88,215,24.1,22636.292,23380.542,1.11,11/15/07,12/1/05,-,-,16820,,1
2006-09,,0.786,0.109,0.1,0.081,0.081,0.072,0.062,0.09,0.422,-,0.417,0.41,-,2.75,,,22.846,3.46,13.8505,23.2102,13.9834,233.84,26.108,49.04,21.24,48.78,16.4,-,,28.98,12.7,10.2977,13.8649,7.9472,,-,0.58,-,0.42,38.982,1.26,0.91,,1.345,-,,20.29,68.77,5.79,-42.7,,17.99,63.07,0.71,-,0.011,0.04,0.28,0.31,,,19315,13717,5598,28.98,,2433,712,-,3145,2453,12.7,,394,-,394,-29,2818,-829,29.42,-,1989,1989,-,-,1989,10.2977,,-,0.084,0.081,24570.728,,2453,225,2678,13.8649,,,6392,3718,10110,1252,-,-,1593,2845,-,-,-,-,270,270,1284,14509,-,626,-,689,-,760,2075,-794,1281,177,38,1238,2696,17205,,3390,388,-,582,4360,-,-,-,718,-,1042,1041,6443,-,-,-,-,-,764,14,778,7221,,4355,-,5607,22,-,-,-,9984,-,9984,0.58,,,1989,225,-357,-105,-,1611,-1374,-225,53,163,-,-,15,2220,,-657,-,-,40,-7280,8312,-28,-,-30,357,,318,-355,-,-,-,-,-,-,361,324,,3491,-,2901,6392,,-685,1535,,,33.95,33.95,38.19,6.6,6.72,44.35,30.56,3.5,0.41,2.89,20.82,22.73,36.32,4.4,21.39,154.27,12.11,5.88,86.72,-,2.33,,,65855.218,55745.218,2.75,0.12,0.3,0.17,0.78,1.03,2.03,0.86,0.65,8.15,5,-1.16,-0.011,-3.42,2.25,2.21,1.57,10000,3.06,1.76,-2.42,0.06,0.06,35.39,46.45,43.52,82.9,23633.624,23947.352,1.96,11/5/08,12/29/06,-,-,20186,,1
2007-09,,0.987,0.19,0.177,0.14,0.14,0.193,0.18,0.22,0.63,-,0.595,0.581,-,5.48,,,28.512,3.1,16.427,29.1226,16.6278,283.14,32.853,46.6,70.27,53.63,17.85,-,,33.17,17.9307,14.22,19.2204,18.244,,-,0.573,-,0.43,38.315,2.92,0.93,,1.155,-,,21.45,92.88,6.84,-64.59,,17.01,53.33,0.67,-,0.013,0.04,0.22,0.18,,,24578,16426,8152,33.17,,2963,782,-,3745,4407,17.9307,,647,-,647,-48,5006,-1511,30.18,-,3495,3495,-,-,3495,14.22,,-,0.144,0.14,24900.176,,4407,317,4724,19.2204,,,9352,6034,15386,1637,-,-,2392,4029,-,-,-,-,346,346,2195,21956,-,762,-,1060,-,1019,2841,-1009,1832,337,38,1222,3391,25347,,4970,488,-,518,5976,-,-,-,1391,-,1936,1368,9280,-,-,-,-,-,1468,67,1535,10815,,5368,-,9101,63,-,-,-,14532,-,14532,0.573,,,3496,317,-385,-76,-,1494,292,1325,78,242,-,-,12,5470,,-735,-,-,-,-11736,9424,-251,-,49,-3249,,365,-3,-,-,-,-,-,-,377,739,,6392,-,2960,9352,,-986,4484,,,39.14,39.14,28.39,9.21,9.43,30.44,24.91,5.55,0.33,4.82,25.08,26.88,26.42,3.72,21.32,127.87,19.98,10.64,101.59,-,3.35,,,133850.156,118464.156,5.48,0.19,0.46,0.24,1.34,1.47,3.53,1.35,1.05,10.15,7,-2.64,-0.05,5.03,2.37,2.33,1.66,10000,5.52,2.62,-2,-0.27,-0.27,25.56,73.13,74.07,118.29,24208.66,24425.211,2.21,1/25/10,11/15/07,-,30336,23700,,1
2008-09,,1.484,0.349,0.33,0.242,0.242,0.339,0.332,0.38,0.888,-,0.896,0.876,-,4.06,,,33.229,7.33,19.8934,33.9944,20.1651,388.48,40.742,43.34,68.73,66.24,21.37,-,,35.2,22.2107,16.3213,23.5336,22.3974,,-,0.616,-,0.38,42.905,1.69,0.81,,1.219,-,,19.76,78.8,6.42,-52.62,,18.47,56.83,0.65,-,0.011,0.03,0.14,0.12,,,37491,24294,13197,35.2,,3761,1109,-,4870,8327,22.2107,,653,-,653,-33,8947,-2828,31.61,-,6119,6119,-,-,6119,16.3213,,-,0.248,0.242,25259.892,,8327,496,8823,23.5336,,,11875,10236,22111,2422,-,-,2282,4704,-,-,-,-,509,509,2682,30006,2379,810,-,1613,-,1324,3747,-1292,2455,492,207,839,6165,36171,,5520,506,-,1000,7026,-,-,-,1617,-,2298,2037,11361,-,-,-,-,-,1767,746,2513,13874,,7177,-,15129,-9,-,-,-,22297,-,22297,0.616,,,6119,496,-675,-163,-,596,2287,2045,398,516,-,-,22,9596,,-1091,-,-220,-,-23003,16243,-108,-,-10,-8189,,483,-,-,-,-,-,-,-,633,1116,,9352,-,2523,11875,,-1199,8397,,,16.78,16.78,11.98,4.53,4.63,12.23,10.68,2.74,0.17,2.11,8.95,9.48,9.4,10.55,23.31,59.89,11.44,6.26,47.09,-,8.31,,,101054.143,78943.143,4.06,0.33,0.65,0.41,2.35,3.33,6.08,2.18,1.75,7.43,8,-2.37,0.007,13.03,2.64,2.6,1.95,10000,7.14,3.76,-1.9,-0.48,-0.48,50.37,72.52,84.11,99.14,24684.576,24890.183,2.92,10/27/10,11/5/08,-,30445,35100,,1
2009-09,,1.689,0.491,0.462,0.324,0.324,0.343,0.352,0.4,0.931,-,1.256,1.238,-,6.62,,,30.536,5.79,19.684,31.0802,19.9089,434.09,38.615,28.85,23.24,51.72,12.25,-,,40.14,27.3628,19.1936,29.0735,20.8507,,-,0.666,-,0.33,41.166,2.84,0.47,,1.026,-,,24.6,79.02,6.85,-47.58,,14.84,53.28,0.6,-,0.011,0.03,0.1,0.12,,,42905,25683,17222,40.14,,4149,1333,-,5482,11740,27.3628,,407,-,407,-81,12066,-3831,31.75,-,8235,8235,-,-,8235,19.1936,,-,0.329,0.324,25396.14,,11740,734,12474,29.0735,,,5263,18201,23464,3361,-,-,1696,5057,-,-,-,-,455,455,2579,31555,10528,955,-,2047,-,1665,4667,-1713,2954,453,206,2011,15946,47501,,5601,430,-,936,6967,-,-,-,2053,-,2278,2261,11506,-,-,-,-,-,853,3502,4355,15861,,8210,-,23353,77,-,-,-,31640,-,31640,0.666,,,8235,734,-353,54,-,92,-379,-586,1040,710,-,-,26,10159,,-1144,-,-,-,-46825,30678,-69,-,-74,-17434,,475,-,-,-,-,-,-,-,188,663,,11875,-,-6612,5263,,-1213,8946,,,20.43,20.43,19.3,5.27,5.35,18.81,16.55,3.92,0.29,3.34,11.49,12.21,16.02,8.19,22.99,71.49,15.14,8.6,56.78,-,5.36,,,166787.947,143323.947,6.62,0.3,0.62,0.41,3.44,4.61,7.25,3.01,2.42,9.25,6,-1.92,0.226,32.65,2.74,2.7,2.04,10000,6.65,2.79,-1.22,-0.28,-0.28,13.83,33.92,40.62,70.86,25004.448,25194.554,1.49,10/27/10,10/27/09,10/15/09,30573,36800,,1
2010-09,,2.519,0.75,0.71,0.541,0.541,0.647,0.636,0.718,0.999,-,1.863,1.821,-,10.13,,,35.283,6.49,22.8441,35.9792,23.1337,476.17,40.65,35.49,28.91,45.32,10.87,-,,39.38,28.187,21.4841,29.7616,25.2572,,-,0.636,-,0.36,41.87,1.09,1.53,,1.063,-,,24.82,81.31,6.95,-49.53,,14.71,52.51,0.61,-,0.012,0.03,0.12,0.11,,,65225,39541,25684,39.38,,5517,1782,-,7299,18385,28.187,,311,-,311,-156,18540,-4527,24.42,-,14013,14013,-,-,14013,21.4841,,-,0.55,0.541,25891.936,,18385,1027,19412,29.7616,,,11261,14359,25620,5510,-,-,4414,9924,-,-,-,-,1051,1051,5083,41678,25391,1471,-,3733,-,2030,7234,-2466,4768,1083,741,2263,33505,75183,,12015,210,-,1157,13382,-,-,-,2984,-,3647,3693,20722,-,-,-,-,-,5439,1231,6670,27392,,10668,-,37169,-46,-,-,-,47791,-,47791,0.636,,,14013,1027,-4860,-596,-,6307,385,1236,1440,879,-,-,-,18595,,-2005,-,-638,-,-57793,46718,-116,-,-20,-13854,,912,-,-,-,-,-,-,-,345,1257,,5263,-,5998,11261,,-2121,16474,,,18.72,18.72,15.66,5.44,5.56,15.93,14.11,4.02,0.31,3.59,12.06,12.74,14.22,7.85,22.99,70.15,17.56,10.33,56.69,-,6.34,,,259805.741,234185.741,10.13,-0.07,0.56,0.11,5.36,7.51,13.53,4.71,3.39,8.4,6,-1.86,0.467,12.33,2.01,1.96,1.24,10000,10.44,6.46,-1.8,-0.35,-0.35,49.11,66.85,52.64,60.88,25464.908,25647.161,1.39,10/31/12,10/27/10,10/18/10,29405,49400,,1
2011-09,,4.128,1.373,1.304,0.989,0.989,1.303,1.147,1.431,0.997,-,2.944,2.774,-,13.62,,,41.673,9.01,27.065,43.6063,27.8673,545.32,47.885,38.48,28.63,41.78,7.08,-,,40.48,31.2151,23.9466,33.2742,27.785,,-,0.658,-,0.34,45.75,1.3,0.96,,1.13,-,,18.34,75.48,5.17,-51.96,,19.9,70.53,0.6,-,0.008,0.07,0.22,0.2,,,108249,64431,43818,40.48,,7599,2429,-,10028,33790,31.2151,,519,-,519,-104,34205,-8283,24.22,-,25922,25922,-,-,25922,23.9466,,-,1.002,0.989,26226.06,,34205,1814,36019,33.2742,,,9815,16137,25952,5369,-,-,6348,11717,-,-,-,-,776,776,6543,44988,55618,2059,-,7110,-,2599,11768,-3991,7777,4432,896,3556,71383,116371,,14632,1140,-,1838,17610,-,-,-,4091,-,6129,4231,27970,-,-,-,-,-,9845,1941,11786,39756,,13331,-,62841,443,-,-,-,76615,-,76615,0.658,,,25922,1814,-1791,275,-,2515,4758,5757,2868,1168,-,-,-,37529,,-4260,-,-244,-,-102317,69853,-3192,-,-259,-40419,,831,-,-,-,-,-,-,-,613,1444,,11261,-,-1446,9815,,-7452,30077,,,13.77,13.77,10.45,4.63,4.91,11.87,9.52,3.3,0.22,3.03,9.12,9.6,10.92,10.42,23.75,53.82,16.41,9.71,44.62,-,8.49,,,354389.077,328437.077,13.62,-0.53,0.2,-0.36,8.71,14.35,24.73,7.86,4.77,8.18,7,-2.4,0.674,24.76,1.61,1.58,0.93,10000,14.77,9.95,-1.45,-0.23,-0.23,63.85,82.71,83.19,62.26,25879.224,26019.756,0.86,10/30/13,10/26/11,10/18/11,28543,63300,,1
2012-09,,5.913,2.23,2.107,1.577,1.577,1.715,1.566,1.921,1.108,0.095,4.495,4.291,-,23.83,,,42.842,8.08,28.5417,45.1085,29.5304,480.12,49.365,37.63,31.51,38.74,6.81,-,,43.87,35.296,26.6651,37.7233,26.4868,,-,0.671,-,0.33,46.959,1.4,0.96,,1.07,0.06,,19.01,74.39,3.26,-52.13,,19.2,112.12,0.56,-,0.005,0.06,0.17,0.18,,,156508,87846,68662,43.87,,10040,3381,-,13421,55241,35.296,,1088,-,1088,-566,55763,-14030,25.16,-,41733,41733,-,-,41733,26.6651,,-,1.595,1.577,26469.932,,55763,3277,59040,37.7233,,,10746,18383,29129,10930,-,-,7762,18692,124,-,-,667,-,791,9041,57653,92122,2439,-,15984,-,3464,21887,-6435,15452,5359,1135,5478,118411,176064,,21175,1535,-,2548,25258,-,-,-,5953,-,7445,5839,38542,-,-,-,-,-,16495,2817,19312,57854,,16422,-,101289,499,-,-,-,118210,-,118210,0.671,,,41733,3277,-6965,-15,-,4467,2214,-299,4405,1740,-,-,-,50856,,-8295,-,-350,-,-151232,112805,-1107,-,-48,-48227,,665,-,-,-,-,-,-2488,-,125,-1698,,9815,-,931,10746,,-9402,41454,,,15.1,15.1,13.9,5.3,5.55,15.22,12.4,4.03,0.23,3.82,10.12,10.72,14.41,9.33,23.27,56.57,19.42,11.96,51.47,0.4,6.61,,,626677.146,597548.146,23.83,-1.09,-0.01,-0.77,13.48,21.71,39.43,12.34,7.3,9.37,6,-2.17,0.765,22.21,1.5,1.48,0.76,10000,25.08,12.98,-1.07,-0.11,0.29,43.25,59.57,62.4,64.63,26174.904,26297.824,0.86,10/27/14,10/31/12,10/25/12,27696,76100,,1
2013-09,,6.552,2.187,1.928,1.42,1.42,1.828,1.709,2.057,1.61,0.407,4.907,4.678,0.674,17.03,,,30.64,8.83,19.3372,32.1162,19.9151,313.84,33.431,26.13,-28.92,25.73,5.91,0.8,,37.62,28.6695,21.6705,33.379,26.0898,,0.137,0.597,0.082,0.4,33.574,-1.02,1.09,,0.892,0.287,,25.66,74.54,4.37,-44.5,,14.22,83.45,0.62,-,0.007,0.05,0.19,0.17,,,170910,106606,64304,37.62,,10830,4475,-,15305,48999,28.6695,,1616,-136,1480,-324,50155,-13118,26.15,-,37037,37037,-,-,37037,21.6705,,-,1.43,1.42,26086.536,,50291,6757,57048,33.379,,,14259,26287,40546,13102,-,-,7539,20641,683,-,-,1081,-,1764,10335,73286,106215,3309,-,21242,-,3968,28519,-11922,16597,5756,1577,5146,133714,207000,,22367,1200,-,4258,27825,-,-,-,7435,-,8697,7136,43658,16960,-,16960,0.137,-,19114,3719,39793,83451,,19764,-,104256,-471,-,-,-,123549,-,123549,0.597,,,37037,6757,-1949,-973,-,2340,7060,6478,1141,2253,-,-,-,53666,,-8165,-,-496,-,-148489,124447,-911,-,-160,-33774,,530,-22860,-,16896,-,16896,-10564,-,-381,-16379,,10746,-,3513,14259,,-9076,44590,,,11.99,11.99,9.32,3.47,3.64,9.96,8.28,2.6,0.22,2.37,7.1,8.06,9.09,12.41,26.21,30.52,9.94,6.46,26.63,2.39,10.4,,,428780.727,405194.727,17.03,-1.7,-0.4,-1.28,18.03,24.05,35.4,12.23,10.06,5.59,5,-2.84,0.568,8.28,1.68,1.64,0.93,360.29,23.98,13.95,4.26,5.21,7.6,10.81,-9.98,-1.95,53.45,25909.28,25177.964,0.58,10/28/15,10/30/13,10/28/13,24710,84400,,1
2014-09,,7.464,2.524,2.199,1.613,1.613,2.121,2.038,2.438,1.069,0.453,4.754,4.381,1.504,25.19,,,33.612,6.34,18.0066,35.8234,18.6225,289.44,32.476,20.62,9.12,23.67,8.47,1.47,,38.59,28.7223,21.6144,33.8155,27.2983,,0.316,0.481,0.152,0.52,32.147,1.02,1.91,,0.833,0.281,,30.51,85.45,6.3,-48.64,,11.96,57.94,0.61,-,0.011,0.05,0.19,0.16,,,182795,112258,70537,38.59,,11993,6041,-,18034,52503,28.7223,,1795,-384,1411,-431,53483,-13973,26.13,-,39510,39510,-,-,39510,21.6144,,-,1.623,1.613,24490.652,,53867,7946,61813,33.8155,,,13844,11233,25077,17460,-,-,9759,27219,-,-,-,-,2111,2111,14124,68531,130162,4863,-,29639,-,4513,39015,-18391,20624,8758,4616,3764,163308,231839,,30196,-,-,18453,48649,6308,-,6308,8491,-,8491,-,63448,28987,-,28987,0.316,-,23290,4567,56844,120292,,23313,-,87152,1082,-,-,-,111547,-,111547,0.481,,,39510,7946,-6452,-76,-,5938,7637,7047,2347,2863,-,-,-,59713,,-9571,-,-3765,-,-217138,208111,-242,-,26,-22579,,730,-45000,-,18266,-,18266,-11126,-,-419,-37549,,14259,-,-415,13844,,-9813,49900,,,15.62,15.62,11.88,5.3,5.75,12.36,10.33,3.37,0.38,3.29,9.73,11.16,12.05,8.96,25.43,34.61,11.36,7.45,29.63,1.8,8.44,,,591074.382,601292.382,25.19,-4.06,-2.21,-3.45,23.18,27.59,40.2,12.61,12.14,5.06,5,-2.7,0.588,1.02,1.08,1.05,0.4,136.73,25.83,17.18,6.8,7.49,7.92,13.92,13.56,15.41,40.6,24342.288,23464.644,1.04,10/26/16,10/27/14,10/20/14,26112,97000,,1
2015-09,,10.086,3.647,3.161,2.305,2.305,3.041,3.011,3.507,1.864,0.495,5.349,4.945,2.883,27.58,,,46.248,8.97,20.4503,50.1035,21.1706,339.94,38.743,20.38,31.92,26.29,8.07,1.47,,40.06,30.4773,22.8458,36.1573,29.856,,0.539,0.411,0.222,0.59,35.859,1.29,1.2,,0.895,0.215,,26.79,85.57,5.81,-52.97,,13.62,62.82,0.6,-,0.01,0.05,0.16,0.14,,,233715,140089,93626,40.06,,14329,8067,-,22396,71230,30.4773,,2921,-733,2188,-903,72515,-19121,26.37,-,53394,53394,-,-,53394,22.8458,,-,2.32,2.305,23172.276,,73248,11257,84505,36.1573,,,21120,20481,41601,16849,-,-,13494,30343,-,-,-,-,2349,2349,15085,89378,164065,6956,-,37038,-,5263,49257,-26786,22471,9009,5116,5422,200967,290345,,35490,-,-,25181,60671,10999,-,10999,8940,-,8940,-,80610,53329,-,53329,0.539,-,27686,9365,90380,170990,,27416,-,92284,-345,-,-,-,119355,-,119355,0.411,,,53394,11257,-3318,-238,-,5001,9817,11262,1382,3586,-,-,385,81266,,-11247,-,-343,-,-166402,121985,-241,-,-26,-56274,,543,-35253,-,29305,-,29305,-11561,-,-750,-17716,,13844,-,7276,21120,,-11488,69778,,,11.97,11.97,9.07,5.16,5.58,9.16,7.86,2.73,0.41,2.73,7.55,8.71,9.15,11.48,26.64,28.96,10.11,6.38,24.2,1.8,11.34,,,615448.031,638175.031,27.58,-5.8,-3.66,-5.18,30.87,37.99,57.53,16.01,15.39,4.28,8,-2.86,0.613,9.78,1.11,1.08,0.52,97.18,33.25,24.07,4.9,5.64,3.43,35.13,42.95,44.49,28.9,23013.684,22315.012,1.09,11/3/17,10/28/15,10/27/15,25924,110000,,1
2016-09,,9.801,3.333,2.856,2.078,2.078,2.445,2.432,3.01,3.146,0.545,6.008,5.605,4.077,28.26,,,36.903,7.85,14.9296,39.7321,15.3724,253.95,27.774,7.04,-57.08,19.62,9.84,1.92,,39.08,27.8354,21.1868,34.0073,24.8086,,0.679,0.399,0.271,0.6,27.536,1.84,0.71,,0.705,0.262,,27.59,101.11,6.22,-67.29,,13.23,58.64,0.61,-,0.01,0.06,0.21,0.19,,,215639,131376,84263,39.08,,14194,10045,-,24239,60024,27.8354,,3999,-1456,2543,-1195,61372,-15685,25.56,-,45687,45687,-,-,45687,21.1868,,-,2.088,2.078,22001.124,,62828,10505,73333,34.0073,,,20484,46671,67155,15754,-,-,13545,29299,-,-,-,-,2132,2132,8283,106869,170430,10185,-,44543,-,6517,61245,-34235,27010,8620,5414,8757,214817,321686,,37294,-,-,22027,59321,11605,-,11605,8080,-,8080,-,79006,75427,-,75427,0.679,-,28949,10055,114431,193437,,31251,-,96364,634,-,-,-,128249,-,128249,0.399,,,45687,10505,476,217,-,2117,-2405,405,4938,4210,-,-,486,66231,,-12734,-,-297,-,-143816,111794,-814,-,-110,-45977,,495,-29722,-,24954,-2897,22057,-12150,-,-1570,-20890,,21120,-,-636,20484,,-12734,53497,,,13.6,13.6,11.56,4.7,5.04,11.62,9.39,2.88,0.78,2.89,8.5,9.92,11.65,10.08,24.84,24.25,8.52,5.35,20.27,1.93,8.87,,,603200.205,623077.205,28.26,-5.92,-4.06,-5.31,37.18,35.93,36.13,16.19,18.1,3.71,5,-2.8,0.51,7.91,1.35,1.33,0.85,41.23,30.64,22.59,4.35,4.85,1.98,-2.82,-9.87,-8.6,17.47,21883.28,21344.664,1.55,11/5/18,10/26/16,10/25/16,25641,116000,,1
2017-09,,10.912,3.645,3.161,2.303,2.303,2.417,2.465,3.057,3.618,0.6,6.537,6.537,5.642,38.53,,,36.868,6.26,13.8739,38.1203,14.0477,218.49,25.682,12.31,2.31,17.21,9.67,2.29,,38.47,26.7604,21.0924,33.4021,22.5857,,0.863,0.357,0.308,0.64,25.304,0.9,1.98,,0.658,0.261,,26.77,105.5,9.04,-69.69,,13.63,40.37,0.62,-,0.015,0.05,0.2,0.19,,,229234,141048,88186,38.47,,15261,11581,-,26842,61344,26.7604,,5201,-2323,2878,-133,64089,-15738,24.56,-,48351,48351,-,-,48351,21.0924,,-,2.318,2.303,21006.768,,66412,10157,76569,33.4021,,,20289,53892,74181,17874,-,-,17799,35673,-,-,-,-,4855,4855,13936,128645,194714,13587,-,54210,-,7279,75076,-41293,33783,-,-,18177,246674,375319,,44242,-,-,-,44242,18473,-,18473,7548,-,7548,30551,100814,97207,-,97207,0.863,-,34340,8911,140458,241272,,35867,-,98330,-150,-,-,-,134047,-,134047,0.357,,,48351,10157,-6347,-2723,-,8966,-4819,-4923,5966,4840,-,-,-166,64225,,-12451,-,-329,-,-160007,126465,-344,-,220,-46446,,555,-32900,-,32514,-3500,29014,-12769,-,-1874,-17974,,20484,-,-195,20289,,-12451,51774,,,16.73,16.73,15.94,5.89,5.89,15.63,12.6,3.53,1.25,3.63,10.86,12.52,16.06,7.99,19.24,27.37,9.69,6.04,23.31,1.56,6.55,,,790050.098,831549.098,38.53,-8.15,-5.49,-7.38,41.51,38.7,30.83,18.4,17.99,3.62,4,-2.5,0.546,8.15,1.28,1.23,0.74,26.41,41.01,26.43,3.93,4.09,2.63,11.34,10.83,9.36,13.4,20868.968,20504.804,1.39,10/31/19,11/3/17,11/2/17,25333,123000,,1
2018-09,,13.279,4.352,3.807,2.98,2.98,3.206,3.206,3.872,3.486,0.68,5.633,5.633,6.019,56.44,,,49.364,4.93,16.0668,49.3636,16.0668,202.81,29.046,16.07,-131.75,19.37,9.84,2.82,,38.34,26.694,22.4142,32.774,24.1424,,1.068,0.293,0.313,0.71,27.485,0.92,1.98,,0.717,0.228,,28.21,111.59,9.82,-73.56,,12.94,37.17,0.62,-,0.017,0.05,0.19,0.17,,,265595,163756,101839,38.34,,16705,14236,-,30941,70898,26.694,,5686,-3240,2446,-441,72903,-13372,18.34,-,59531,59531,-,-,59531,22.4142,,-,3,2.98,20000.435,,76143,10903,87046,32.774,,,25913,40388,66301,23186,-,-,25809,48995,-,-,-,-,3956,3956,12087,131339,170799,16216,-,65982,-,8205,90403,-49099,41304,-,-,22283,234386,365725,,55888,-,-,-,55888,20748,-,20748,5966,-,5966,33327,115929,93735,-,93735,1.068,-,-,48914,142649,258578,,40201,-,70400,-3454,-,-,-,107147,-,107147,0.293,,,59531,10903,-13332,828,-,9175,38023,34694,-32590,5340,-,-,-444,77434,,-13313,-,-721,-,-73227,104072,-,-,-745,16066,,669,-72738,-,6969,-6537,432,-13712,-,-2527,-87876,,20289,-,5624,25913,,-13313,64121,,,18.94,18.94,17.6,10.02,10.02,17.6,14.58,4.25,1.49,4.22,12.89,14.73,17.49,6.79,17.24,32.98,12.26,7.34,28.59,1.2,5.97,,,1073485.639,1121667.639,56.44,-10.11,-6.69,-9.09,46.03,47.27,37.77,19.44,21.07,4.22,6,-2.42,0.414,-9.29,1.13,1.1,0.57,21.88,57.09,38.37,7.24,6.71,6.44,21.69,29.42,19.4,12.72,19821.51,19019.944,1.27,10/30/20,11/5/18,11/1/18,23712,132000,,1
2019-09,,13.991,4.402,3.727,2.97,2.97,2.983,3.167,3.732,5.658,0.75,5.091,5.091,6.079,55.99,,,55.917,5.08,15.6924,55.9172,15.6924,176.19,28.725,6.95,7.02,20.29,7.72,3.21,,37.82,24.572,21.2381,31.4636,22.6372,,1.194,0.267,0.319,0.73,27.943,4.39,0.02,,0.739,0.253,,32.35,115.2,9.09,-73.76,,11.28,40.13,0.62,-,0.015,0.04,0.16,0.15,,,260174,161782,98392,37.82,,18245,16217,-,34462,63930,24.572,,4961,-3576,1385,422,65737,-10481,15.94,-,55256,55256,-,-,55256,21.2381,,-,2.99,2.97,18595.651,,69313,12547,81860,31.4636,,,48844,51713,100557,22926,-,-,22878,45804,-,-,-,-,4106,4106,12352,162819,105341,17085,-,69797,-,9075,95957,-58579,37378,-,-,32978,175697,338516,,46236,-,-,-,46236,16240,-,16240,5522,-,5522,37720,105718,91807,-,91807,1.194,-,-,50503,142310,248028,,45174,-,45898,-584,-,-,-,90488,-,90488,0.267,,,55256,12547,3176,-289,-,-1923,-4452,-3488,-340,6068,-,-,-652,69391,,-10495,-,-624,-,-40631,98724,-,-,-1078,45896,,781,-66897,-,6963,-14782,-7819,-14119,-,-2922,-90976,,25913,-,24311,50224,,-10495,58896,,,18.85,18.85,18.77,11,11,17.68,15,4,2.19,3.85,12.25,14.46,17.02,6.92,13.6,27.92,10.93,6.2,24.5,1.34,5.92,,,995107.135,1002597.135,55.99,-8.3,-4.79,-7.21,48.58,50.73,25.54,18.45,27.09,4.24,6,-2.87,0.268,-17.73,1.54,1.5,0.95,17.88,58.02,35.55,6.56,6.64,8.72,5.36,-0.34,1.15,8.62,18471.336,17772.944,1.1,10/29/21,10/31/19,10/30/19,23233,137000,,1
2020-09,,15.661,4.622,3.992,3.28,3.28,3.762,4.186,4.603,5.357,0.795,3.849,3.849,7.203,115.81,,,73.686,2.45,17.3341,73.6856,17.3341,169.17,31.006,11.79,36.92,23.71,8.02,2.49,,38.23,24.1473,20.9136,29.5139,26.7253,,1.871,0.202,0.378,0.8,31.689,0.17,11.03,,0.829,0.242,,25.96,95.29,8.79,-60.54,,14.06,41.52,0.62,-,0.015,0.03,0.11,0.09,,,274515,169559,104956,38.23,,19916,18752,-,38668,66288,24.1473,,3763,-2873,890,-87,67091,-9680,14.43,-,57411,57411,-,-,57411,20.9136,,-,3.31,3.28,17528.214,,69964,11056,81020,29.5139,,,38016,52927,90943,16120,-,-,21325,37445,-,-,-,-,4061,4061,11264,143713,100887,17952,-,75291,-,18853,112096,-66760,45336,-,-,33952,180175,323888,,42296,-,-,-,42296,13769,1460,15229,6643,-,6643,41224,105392,98667,8382,107049,1.871,-,-,46108,153157,258549,,50779,-,14966,-406,-,-,-,65339,-,65339,0.202,,,57411,11056,8470,-127,-,-4062,1409,5690,-215,6829,-,-,-97,80674,,-7309,-,-1524,-,-114938,120391,-,-,-909,-4289,,880,-72358,-,16091,-13592,2499,-14081,-,-3760,-86820,,50224,-,-10435,39789,,-7309,73365,,,35.31,35.31,30.78,30.09,30.09,27.67,25.16,7.39,4.98,7.28,24.65,28.55,27.23,3.5,9.7,50.4,21.27,11.11,43.51,0.69,3.73,,,1966078.923,1997413.923,115.81,-9.87,-6.76,-9.04,47.25,56.81,23.18,16.85,28.2,6.33,7,-2.99,0.286,-5.86,1.36,1.33,0.86,23.07,134.18,54.74,4.48,3.64,3.87,11.94,10.44,5,7.09,17352.119,16976.763,1.28,10/28/22,10/30/20,10/29/20,22797,147000,,1
2021-09,,21.691,7.301,6.632,5.61,5.61,5.234,5.512,6.169,3.813,0.85,3.841,3.841,8.311,141.5,,,147.443,4,28.0579,147.4433,28.0579,235.82,50.382,24.69,86.55,35.63,8.83,2.04,,41.78,29.7824,25.8818,33.6605,25.4097,,2.164,0.18,0.389,0.82,45.292,1.8,1.2,,1.084,0.152,,21.15,83.17,9.12,-52.9,,17.26,40.03,0.58,-,0.015,0.03,0.1,0.11,,,365817,212981,152836,41.78,,21973,21914,-,43887,108949,29.7824,,2843,-2645,198,60,109207,-14527,13.3,-,94680,94680,-,-,94680,25.8818,,-,5.67,5.61,16864.919,,111852,11284,123136,33.6605,,,34940,27699,62639,26278,-,-,25228,51506,-,-,-,-,6580,6580,14111,134836,127877,20041,-,78659,-,21110,119810,-70283,49527,-,-,38762,216166,351002,,54763,-,-,-,54763,15613,1528,17141,7612,-,7612,45965,125481,109106,10275,119381,2.164,-,-,43050,162431,287912,,57365,-,5562,163,-,-,-,63090,-,63090,0.18,,,94680,11284,-14028,-2642,-,12326,-567,-4911,-4774,7906,-,-,-147,104038,,-11085,-,-33,-,-109558,106483,-,-,-352,-14545,,1105,-85971,-,21415,-8750,12665,-14467,-,-6685,-93353,,39789,-,-3860,35929,,-11085,92953,,,25.22,25.22,27.03,36.84,36.84,25.67,22.94,6.52,1.86,6.56,19.48,21.44,25.8,4.66,16.13,49.17,24.26,11.13,43.8,0.6,4,,,2324390.219,2398273.219,141.5,-13.71,-9.32,-12.31,60.85,79.74,76.21,22.02,32.9,6.99,7,-2.25,0.423,1.48,1.07,1.02,0.5,41.19,156.69,108.77,3.24,3.65,4.12,38.5,71.04,57.96,13.56,16701.272,16426.786,1.28,11/3/23,10/29/21,10/28/21,23502,154000,,1
2022-09,,24.154,7.996,7.316,6.11,6.11,6.401,6.826,7.482,3.03,0.9,3.178,3.178,8.309,138.2,,,175.459,4.04,28.3629,175.4593,28.3629,260.65,56.299,18.53,40.74,34.07,11.16,2.18,,43.31,30.2887,25.3096,33.1047,28.2615,,2.614,0.144,0.376,0.86,48.534,0.87,1.29,,1.121,0.147,,25.21,97.05,9.41,-62.44,,14.48,38.79,0.57,-,0.015,0.03,0.09,0.09,,,394328,223546,170782,43.31,,25094,26251,-,51345,119437,30.2887,,2825,-2931,-106,-228,119103,-19300,16.2,-,99803,99803,-,-,99803,25.3096,,-,6.15,6.11,16325.819,,119437,11104,130541,33.1047,,,23646,24658,48304,28184,-,-,32748,60932,-,-,-,-,4946,4946,21223,135405,120805,22126,-,81060,-,11271,114457,-72340,42117,-,-,54428,217350,352755,,64115,6552,-,-,70667,21110,1663,22773,7912,-,7912,52630,153982,98959,10748,109707,2.614,-,-,38394,148101,302083,,64849,-,-3068,-11109,-,-,-,50672,-,50672,0.144,,,99803,11104,-9343,1484,-,9448,-389,1200,895,9038,-,-,111,122151,,-10708,-,-306,-,-76923,67363,-,-,-1780,-22354,,-,-89402,-,9420,-9543,-123,-14841,-,-6383,-110749,,35929,-,-10952,24977,,-10708,111443,,,22.62,22.62,21.59,43.48,43.48,20.25,18.47,5.72,1.25,5.8,17.52,19.15,20.53,5.22,21.29,39.06,22.35,8.94,34.59,0.65,5.06,,,2203381.335,2287557.335,138.2,-15.92,-10.45,-14.44,71.25,89.67,110.35,20.9,40.95,6.56,6,-2.66,0.384,-,0.88,0.85,0.31,40.75,182.01,130.06,2.94,4.06,4.68,11.35,8.91,9.51,18.06,16215.963,15943.425,1.31,11/1/24,10/28/22,10/27/22,23838,164000,,1
2023-09,,24.239,7.957,7.229,6.13,6.13,5.995,6.298,6.991,3.959,0.94,3.997,3.997,7.144,171.21,,,171.95,4.01,27.5031,171.9495,27.5031,266.34,56.299,15.91,14.68,33.41,11.65,3.23,,44.13,29.8214,25.3062,32.8267,25.9817,,1.788,0.176,0.315,0.82,47.962,1.54,-0.04,,1.087,0.153,,27.47,108,9.61,-70.92,,13.29,37.98,0.56,-,0.015,0.03,0.1,0.1,,,383285,214137,169148,44.13,,24932,29915,-,54847,114301,29.8214,,3750,-3933,-183,-382,113736,-16741,14.72,-,96995,96995,-,-,96995,25.3062,,-,6.16,6.13,15812.547,,114301,11519,125820,32.8267,,,29965,31590,61555,29508,-,-,31477,60985,-,-,-,-,6331,6331,14695,143566,100544,23446,-,78314,-,12839,114599,-70884,43715,-,-,64758,209017,352583,,62611,8819,-,-,71430,15807,1575,15807,8061,-,8061,50010,145308,95281,11267,95281,1.788,-,-,49848,145129,290437,,73812,-,-214,-11452,-,-,-,62146,-,62146,0.176,,,96995,11519,-417,-1618,-,-1889,-2653,-6577,-,10833,-,-,-2227,110543,,-10959,-,-,-,-29513,45514,-,-,-1337,3705,,-,-77550,-,5228,-15129,-9901,-15025,-,-6012,-108488,,24977,-,5760,30737,,-10959,99584,,,27.93,27.93,28.56,42.84,42.84,27.18,24.49,7.06,1.59,7.08,21.55,23.73,27.23,4.21,20.58,41.71,27.84,9.71,37.57,0.55,3.74,,,2662325.944,2711858.944,171.21,-14.72,-9.45,-13.09,80.9,94.53,107.71,23.48,50.73,7.68,7,-2.66,0.317,-4.89,0.99,0.94,0.42,29.06,196.45,125.02,2.47,2.91,3.97,0.35,0.33,-0.49,17.6,15744.231,15550.061,1.24,11/1/24,11/3/23,11/2/23,23763,161000,,1
2024-09,,25.379,8.74,7.997,6.08,6.75,6.582,7.062,7.675,4.311,0.98,3.767,3.767,7.054,233,,,157.413,2.55,26.1262,157.4125,26.1262,275.67,62.252,12.36,-39.88,32.49,10.63,-,,46.21,31.5102,23.9713,34.4371,27.8254,,1.872,0.156,0.292,0.84,50.36,3.86,-0.08,,1.09,0.145,,29.36,114.15,11.81,-72.97,,12.43,30.9,0.54,-,0.017,0.02,0.08,0.08,,,391035,210352,180683,46.21,,26097,31370,-,57467,123216,31.5102,,-,-,-,269,123485,-29749,24.09,-,93736,93736,-,-,93736,23.9713,,-,6.11,6.08,15408.095,,123216,11445,134661,34.4371,,,29943,35228,65171,33410,-,-,32833,66243,-,-,-,-,7286,7286,14287,152987,91479,24690,-,80205,-,14233,119128,-73448,45680,-,-,74834,211993,364980,,68960,26601,-,-,95561,20879,-,20879,8249,-,8249,51703,176392,85750,-,85750,1.872,-,-,45888,131638,308030,,83276,-,-19154,-7172,-,-,-,56950,-,56950,0.156,,,93736,11445,-5144,-1046,-,6020,3821,3651,-,11688,-,-,-2266,118254,,-9447,-,-,-,-48656,62346,-,-,-1308,2935,,-,-94949,-,3960,-9958,-5998,-15234,-,-5802,-121983,,30737,-,-794,29943,,-9447,108807,,,38.32,34.52,35.4,61.85,61.85,32.99,30.36,9.18,2.2,9.11,26.46,28.92,32.75,3.46,18.22,50.59,38.3,11.86,45.58,0.42,3.09,,,3522211.138,3563669.138,233,-16.07,-10.26,-14.17,90.59,115.15,105.98,23.92,58.9,8.9,7,-2.77,0.279,-7.52,0.87,0.83,0.37,N/A,234.82,165,2.79,2.7,3.27,4.7,-0.82,9.84,15.7,15343.783,15116.786,1.19,11/1/24,11/1/24,10/31/24,23301,164000,,1
TTM/current,,25.89,8.99,8.22,6.3,6.97,6,6.43,7.08,3.576,0.99,4.439,4.439,6.437,245.55,,,141.94,2.57,27.76,141.94,27.76,281.2,61.52,10.91,-65.44,33.16,11.26,-,,46.52,31.76,24.3,34.71,24.84,,1.45,0.194,0.281,0.81,53.16,2.27,-0.32,,1.14,0.14,,24.14,97.38,11.42,-61.82,,15.12,31.97,0.53,-,0.02,0.025,0.08,0.092,,,395760,211657,184103,46.52,,26486,31942,-,58428,125675,31.76,,-,-,-,71,125746,-29596,23.54,-,96150,96150,-,-,96150,24.3,,-,6.31,6.3,15150.865,,125675,11677,137352,34.71,,,30299,23476,53775,29639,-,-,29667,59306,2792,-,-,4119,-,6911,13248,133240,87593,-,-,-,-,120615,120615,-74546,46069,-,-,77183,210845,344085,,61910,-,-,-,61910,12843,-,12843,8461,-,8461,61151,144365,83956,-,83956,1.45,-,-,49006,132962,277327,,84768,-,-11221,-6789,-,-,-,66758,-,66758,0.194,,,96150,11677,-9505,-694,-,3891,-1916,-8224,-,11977,-,-,-3286,108294,,-9995,-,-,-,-45000,67422,-,-,-1627,10800,,-,-98416,-,6945,-17912,-10967,-15265,-,-6121,-130769,,41974,-,-11675,30299,,-9995,98299,,,38.98,35.23,40.91,55.32,55.3,38.2,34.67,9.48,2.22,9.43,27.17,29.69,37.96,3.37,17.14,51.72,40.77,12.25,47.95,0.41,2.66,,,3688670.025,3731694.025,245.55,-14.87,-9.58,-13.16,93.31,127.37,102.39,26.39,60.97,10.25,7,-2.5,0.301,-6.67,0.92,0.88,0.37,N/A,260.1,164.075,2.731842872,2.67,3.2,5.42,-1.87,8.44,15.9,15081.724,15022.07,1.19,1/31/25,1/31/25,1/30/25,23301,164000,,-